if_basket_has,then_also_buys,support,confidence,lift
GREEN REGENCY TEACUP AND SAUCER,"REGENCY CAKESTAND 3 TIER, ROSES REGENCY TEACUP AND SAUCER ",0.02208104129542109,0.43051359516616317,15.099562426113229
"REGENCY CAKESTAND 3 TIER, ROSES REGENCY TEACUP AND SAUCER ",GREEN REGENCY TEACUP AND SAUCER,0.02208104129542109,0.7744565217391305,15.099562426113229
"GREEN REGENCY TEACUP AND SAUCER, REGENCY CAKESTAND 3 TIER",ROSES REGENCY TEACUP AND SAUCER ,0.02208104129542109,0.800561797752809,14.910319081667398
ROSES REGENCY TEACUP AND SAUCER ,"GREEN REGENCY TEACUP AND SAUCER, REGENCY CAKESTAND 3 TIER",0.02208104129542109,0.41125541125541126,14.910319081667396
ROSES REGENCY TEACUP AND SAUCER ,GREEN REGENCY TEACUP AND SAUCER,0.039629658324939955,0.7380952380952381,14.390627247878005
GREEN REGENCY TEACUP AND SAUCER,ROSES REGENCY TEACUP AND SAUCER ,0.039629658324939955,0.7726586102719033,14.390627247878003
HAND WARMER SCOTTY DOG DESIGN,HAND WARMER OWL DESIGN,0.025141396141628573,0.6093896713615023,13.230264908768563
HAND WARMER OWL DESIGN,HAND WARMER SCOTTY DOG DESIGN,0.025141396141628573,0.5458368376787216,13.230264908768563
ALARM CLOCK BAKELIKE RED ,ALARM CLOCK BAKELIKE GREEN,0.032385527233284264,0.6285714285714286,13.074893519051455
ALARM CLOCK BAKELIKE GREEN,ALARM CLOCK BAKELIKE RED ,0.032385527233284264,0.6736502820306205,13.074893519051455
SPACEBOY LUNCH BOX ,DOLLY GIRL LUNCH BOX,0.03211435655070892,0.6113569321533924,11.919613177196126
DOLLY GIRL LUNCH BOX,SPACEBOY LUNCH BOX ,0.03211435655070892,0.6261329305135952,11.919613177196124
PINK BLUE FELT CRAFT TRINKET BOX,PINK CREAM FELT CRAFT TRINKET BOX ,0.025296350817385915,0.5804444444444444,11.025454664377401
PINK CREAM FELT CRAFT TRINKET BOX ,PINK BLUE FELT CRAFT TRINKET BOX,0.025296350817385915,0.48050036791758644,11.025454664377401
SINGLE HEART ZINC T-LIGHT HOLDER,HANGING HEART ZINC T-LIGHT HOLDER,0.0263810335476873,0.6085790884718498,10.614770668792115
HANGING HEART ZINC T-LIGHT HOLDER,SINGLE HEART ZINC T-LIGHT HOLDER,0.0263810335476873,0.4601351351351351,10.614770668792115
SET OF 3 BUTTERFLY COOKIE CUTTERS,SET OF 3 HEART COOKIE CUTTERS,0.020454017199969008,0.4817518248175182,10.118748255361607
SET OF 3 HEART COOKIE CUTTERS,SET OF 3 BUTTERFLY COOKIE CUTTERS,0.020454017199969008,0.4296175752644426,10.118748255361607
PLASTERS IN TIN WOODLAND ANIMALS,PLASTERS IN TIN SPACEBOY,0.024056713411327188,0.4905213270142181,9.830991875423157
PLASTERS IN TIN SPACEBOY,PLASTERS IN TIN WOODLAND ANIMALS,0.024056713411327188,0.48214285714285715,9.830991875423155
PLASTERS IN TIN SPACEBOY,PLASTERS IN TIN CIRCUS PARADE ,0.021887347950724414,0.43866459627329196,9.62080534256479
PLASTERS IN TIN CIRCUS PARADE ,PLASTERS IN TIN SPACEBOY,0.021887347950724414,0.4800339847068819,9.62080534256479
ROUND SNACK BOXES SET OF 4 FRUITS ,ROUND SNACK BOXES SET OF4 WOODLAND ,0.02180987061284574,0.497789566755084,9.413875367191018
ROUND SNACK BOXES SET OF4 WOODLAND ,ROUND SNACK BOXES SET OF 4 FRUITS ,0.02180987061284574,0.41245421245421243,9.413875367191018
CHARLOTTE BAG SUKI DESIGN,RED RETROSPOT CHARLOTTE BAG,0.024056713411327188,0.4490238611713666,9.302650041956387
RED RETROSPOT CHARLOTTE BAG,CHARLOTTE BAG SUKI DESIGN,0.024056713411327188,0.4983948635634029,9.302650041956387
PLASTERS IN TIN WOODLAND ANIMALS,PLASTERS IN TIN CIRCUS PARADE ,0.02068644921360502,0.4218009478672986,9.250951289929011
PLASTERS IN TIN CIRCUS PARADE ,PLASTERS IN TIN WOODLAND ANIMALS,0.02068644921360502,0.453695836873407,9.250951289929011
VINTAGE HEADS AND TAILS CARD GAME ,VINTAGE SNAP CARDS,0.029673820407530797,0.6022012578616353,8.69419645997777
VINTAGE SNAP CARDS,VINTAGE HEADS AND TAILS CARD GAME ,0.029673820407530797,0.42841163310961966,8.69419645997777
STRAWBERRY CHARLOTTE BAG,RED RETROSPOT CHARLOTTE BAG,0.02208104129542109,0.4181951577402788,8.663956502333514
RED RETROSPOT CHARLOTTE BAG,STRAWBERRY CHARLOTTE BAG,0.02208104129542109,0.4574638844301766,8.663956502333514
STRAWBERRY CHARLOTTE BAG,WOODLAND CHARLOTTE BAG,0.026845897574959324,0.5084372707263389,8.413333145211356
WOODLAND CHARLOTTE BAG,STRAWBERRY CHARLOTTE BAG,0.026845897574959324,0.4442307692307692,8.413333145211354
STRAWBERRY CHARLOTTE BAG,CHARLOTTE BAG SUKI DESIGN,0.02378554272875184,0.450476889214967,8.408250483149066
CHARLOTTE BAG SUKI DESIGN,STRAWBERRY CHARLOTTE BAG,0.02378554272875184,0.44396240057845265,8.408250483149066
SWEETHEART CERAMIC TRINKET BOX,STRAWBERRY CERAMIC TRINKET BOX,0.04075307972418068,0.7171097477845945,8.391419324257264
STRAWBERRY CERAMIC TRINKET BOX,SWEETHEART CERAMIC TRINKET BOX,0.04075307972418068,0.4768812330009066,8.391419324257262
PAPER CHAIN KIT 50'S CHRISTMAS ,PAPER CHAIN KIT VINTAGE CHRISTMAS,0.03250174324010227,0.4436805922792174,8.281396102021489
PAPER CHAIN KIT VINTAGE CHRISTMAS,PAPER CHAIN KIT 50'S CHRISTMAS ,0.03250174324010227,0.606652205350687,8.281396102021489
WOODLAND CHARLOTTE BAG,CHARLOTTE BAG SUKI DESIGN,0.02680715890601999,0.4435897435897436,8.279700391197139
CHARLOTTE BAG SUKI DESIGN,WOODLAND CHARLOTTE BAG,0.02680715890601999,0.5003615328994939,8.279700391197139
LUNCH BAG PINK POLKADOT,LUNCH BAG RED RETROSPOT,0.02785310296738204,0.5634796238244514,7.97459594813837
LUNCH BAG RED RETROSPOT,LUNCH BAG PINK POLKADOT,0.02785310296738204,0.39418859649122806,7.97459594813837
WOODLAND CHARLOTTE BAG,RED RETROSPOT CHARLOTTE BAG,0.022933292012086465,0.37948717948717947,7.862024118203894
RED RETROSPOT CHARLOTTE BAG,WOODLAND CHARLOTTE BAG,0.022933292012086465,0.4751203852327448,7.862024118203894
HOT WATER BOTTLE TEA AND SYMPATHY,CHOCOLATE HOT WATER BOTTLE,0.03006120709692415,0.5071895424836601,7.858697988999522
CHOCOLATE HOT WATER BOTTLE,HOT WATER BOTTLE TEA AND SYMPATHY,0.03006120709692415,0.4657863145258103,7.858697988999521
GIN + TONIC DIET METAL SIGN,COOK WITH WINE METAL SIGN ,0.02452157743859921,0.3986146095717884,7.40809037543999
COOK WITH WINE METAL SIGN ,GIN + TONIC DIET METAL SIGN,0.02452157743859921,0.45572354211663063,7.40809037543999
LUNCH BAG RED RETROSPOT,LUNCH BAG SUKI DESIGN ,0.021538699930270397,0.3048245614035088,7.306166414178437
LUNCH BAG SUKI DESIGN ,LUNCH BAG RED RETROSPOT,0.021538699930270397,0.5162488393686165,7.306166414178436
WOODEN FRAME ANTIQUE WHITE ,WOODEN PICTURE FRAME WHITE FINISH,0.04315487719841946,0.555333998005982,7.276848641891584
WOODEN PICTURE FRAME WHITE FINISH,WOODEN FRAME ANTIQUE WHITE ,0.04315487719841946,0.565482233502538,7.276848641891583
72 SWEETHEART FAIRY CAKE CASES,PACK OF 60 DINOSAUR CAKE CASES,0.02037653986209034,0.36325966850828734,7.2522699790200535
PACK OF 60 DINOSAUR CAKE CASES,72 SWEETHEART FAIRY CAKE CASES,0.02037653986209034,0.40680587780355765,7.2522699790200535
HAND OVER THE CHOCOLATE   SIGN ,COOK WITH WINE METAL SIGN ,0.02126752924769505,0.38231197771587744,7.1051125937780135
COOK WITH WINE METAL SIGN ,HAND OVER THE CHOCOLATE   SIGN ,0.02126752924769505,0.3952483801295896,7.105112593778013
LOVE BUILDING BLOCK WORD,HOME BUILDING BLOCK WORD,0.03354768730146432,0.5213726670680312,6.682578961119244
HOME BUILDING BLOCK WORD,LOVE BUILDING BLOCK WORD,0.03354768730146432,0.4299900695134061,6.682578961119244
COOK WITH WINE METAL SIGN ,PLEASE ONE PERSON METAL SIGN,0.021771131943906407,0.40460763138948885,6.536008383409428
PLEASE ONE PERSON METAL SIGN,COOK WITH WINE METAL SIGN ,0.021771131943906407,0.35168961201501875,6.536008383409427
HEART OF WICKER SMALL,HEART OF WICKER LARGE,0.038777407608274576,0.4778042959427207,6.488185215920775
HEART OF WICKER LARGE,HEART OF WICKER SMALL,0.038777407608274576,0.5265649658074697,6.488185215920774
PACK OF 60 DINOSAUR CAKE CASES,60 TEATIME FAIRY CAKE CASES,0.02607112419617262,0.5204949729311679,6.370818981149914
60 TEATIME FAIRY CAKE CASES,PACK OF 60 DINOSAUR CAKE CASES,0.02607112419617262,0.31910858226647704,6.370818981149913
HAND OVER THE CHOCOLATE   SIGN ,GIN + TONIC DIET METAL SIGN,0.021771131943906407,0.39136490250696376,6.361897728787635
GIN + TONIC DIET METAL SIGN,HAND OVER THE CHOCOLATE   SIGN ,0.021771131943906407,0.35390428211586905,6.361897728787635
72 SWEETHEART FAIRY CAKE CASES,60 TEATIME FAIRY CAKE CASES,0.0283567056635934,0.505524861878453,6.187585957577235
60 TEATIME FAIRY CAKE CASES,72 SWEETHEART FAIRY CAKE CASES,0.0283567056635934,0.34708392603129445,6.187585957577235
"JUMBO BAG RED RETROSPOT, JUMBO SHOPPER VINTAGE RED PAISLEY",JUMBO STORAGE BAG SUKI,0.021228790578755714,0.5436507936507936,6.075238782381639
JUMBO STORAGE BAG SUKI,"JUMBO BAG RED RETROSPOT, JUMBO SHOPPER VINTAGE RED PAISLEY",0.021228790578755714,0.23722943722943723,6.075238782381639
JUMBO SHOPPER VINTAGE RED PAISLEY,"JUMBO BAG RED RETROSPOT, JUMBO STORAGE BAG SUKI",0.021228790578755714,0.2535863026376678,5.972697825080982
"JUMBO BAG RED RETROSPOT, JUMBO STORAGE BAG SUKI",JUMBO SHOPPER VINTAGE RED PAISLEY,0.021228790578755714,0.5,5.9726978250809815
PACK OF 60 PINK PAISLEY CAKE CASES,PACK OF 60 DINOSAUR CAKE CASES,0.02273959866738979,0.29736575481256333,5.936735958802405
PACK OF 60 DINOSAUR CAKE CASES,PACK OF 60 PINK PAISLEY CAKE CASES,0.02273959866738979,0.45398298530549114,5.936735958802405
CHOCOLATE HOT WATER BOTTLE,SCOTTIE DOG HOT WATER BOTTLE,0.02401797474238785,0.37214885954381755,5.930031271767967
SCOTTIE DOG HOT WATER BOTTLE,CHOCOLATE HOT WATER BOTTLE,0.02401797474238785,0.38271604938271603,5.930031271767966
JUMBO STORAGE BAG SKULLS,JUMBO STORAGE BAG SUKI,0.026652204230262648,0.5276073619631901,5.895955169574801
JUMBO STORAGE BAG SUKI,JUMBO STORAGE BAG SKULLS,0.026652204230262648,0.29783549783549784,5.895955169574801
60 TEATIME FAIRY CAKE CASES,PACK OF 60 SPACEBOY CAKE CASES,0.020144107848454326,0.24656235182550973,5.796685382535253
PACK OF 60 SPACEBOY CAKE CASES,60 TEATIME FAIRY CAKE CASES,0.020144107848454326,0.47358834244080145,5.796685382535253
72 SWEETHEART FAIRY CAKE CASES,PACK OF 60 PINK PAISLEY CAKE CASES,0.02467653211435655,0.4399171270718232,5.752796716429606
PACK OF 60 PINK PAISLEY CAKE CASES,72 SWEETHEART FAIRY CAKE CASES,0.02467653211435655,0.3226950354609929,5.752796716429606
60 TEATIME FAIRY CAKE CASES,PACK OF 60 PINK PAISLEY CAKE CASES,0.035872007437824434,0.4390706495969654,5.741727329633265
PACK OF 60 PINK PAISLEY CAKE CASES,60 TEATIME FAIRY CAKE CASES,0.035872007437824434,0.46909827760891587,5.741727329633265
LUNCH BAG PINK POLKADOT,LUNCH BAG CARS BLUE,0.022352211977996438,0.45219435736677116,5.705251779602068
LUNCH BAG CARS BLUE,LUNCH BAG PINK POLKADOT,0.022352211977996438,0.2820136852394917,5.705251779602068
JUMBO STORAGE BAG SUKI,JUMBO BAG SPACEBOY DESIGN,0.024134190749205857,0.2696969696969697,5.6144819159335295
JUMBO BAG SPACEBOY DESIGN,JUMBO STORAGE BAG SUKI,0.024134190749205857,0.5024193548387097,5.6144819159335295
JUMBO BAG OWLS,JUMBO STORAGE BAG SUKI,0.025141396141628573,0.5019334880123744,5.609052406732221
JUMBO STORAGE BAG SUKI,JUMBO BAG OWLS,0.025141396141628573,0.28095238095238095,5.609052406732221
GIN + TONIC DIET METAL SIGN,PLEASE ONE PERSON METAL SIGN,0.021306267916634383,0.34634760705289674,5.594879304420198
PLEASE ONE PERSON METAL SIGN,GIN + TONIC DIET METAL SIGN,0.021306267916634383,0.34418022528160197,5.594879304420197
LUNCH BAG  BLACK SKULL.,LUNCH BAG PINK POLKADOT,0.024715270783295887,0.27511858559724023,5.565761103924106
LUNCH BAG PINK POLKADOT,LUNCH BAG  BLACK SKULL.,0.024715270783295887,0.5,5.565761103924105
JUMBO BAG RED RETROSPOT,JUMBO BAG PINK POLKADOT,0.037421554195397846,0.30301129234629864,5.4737113370380355
JUMBO BAG PINK POLKADOT,JUMBO BAG RED RETROSPOT,0.037421554195397846,0.675997200839748,5.473711337038035
LUNCH BAG CARS BLUE,LUNCH BAG WOODLAND,0.03184318586813357,0.40175953079178883,5.435545350031046
LUNCH BAG WOODLAND,LUNCH BAG CARS BLUE,0.03184318586813357,0.430817610062893,5.435545350031045
JUMBO BAG WOODLAND ANIMALS,JUMBO STORAGE BAG SUKI,0.026187340202990624,0.4832022873481058,5.3997332664952395
JUMBO STORAGE BAG SUKI,JUMBO BAG WOODLAND ANIMALS,0.026187340202990624,0.29264069264069265,5.3997332664952395
PACK OF 72 RETRO SPOT CAKE CASES,60 TEATIME FAIRY CAKE CASES,0.023359417370419154,0.4385454545454546,5.367763093236778
60 TEATIME FAIRY CAKE CASES,PACK OF 72 RETRO SPOT CAKE CASES,0.023359417370419154,0.28591749644381226,5.367763093236778
LUNCH BAG WOODLAND,LUNCH BAG SPACEBOY DESIGN ,0.031920663206012244,0.43186582809224316,5.326413992533763
LUNCH BAG SPACEBOY DESIGN ,LUNCH BAG WOODLAND,0.031920663206012244,0.3936932632584807,5.326413992533763
JUMBO BAG STRAWBERRY,JUMBO BAG PINK VINTAGE PAISLEY,0.023320678701479816,0.32860262008733626,5.324888910818895
JUMBO BAG PINK VINTAGE PAISLEY,JUMBO BAG STRAWBERRY,0.023320678701479816,0.37790332705586943,5.324888910818894
LUNCH BAG SUKI  DESIGN ,LUNCH BAG SPACEBOY DESIGN ,0.02126752924769505,0.43058823529411766,5.310656811219472
LUNCH BAG SPACEBOY DESIGN ,LUNCH BAG SUKI  DESIGN ,0.02126752924769505,0.2623029144768275,5.310656811219471
PACK OF 72 SKULL CAKE CASES,60 TEATIME FAIRY CAKE CASES,0.023901758735569847,0.42551724137931035,5.208298752472982
60 TEATIME FAIRY CAKE CASES,PACK OF 72 SKULL CAKE CASES,0.023901758735569847,0.2925557136083452,5.208298752472981
JUMBO SHOPPER VINTAGE RED PAISLEY,JUMBO BAG PINK VINTAGE PAISLEY,0.02653598822344464,0.3169828782970847,5.136595116359664
JUMBO BAG PINK VINTAGE PAISLEY,JUMBO SHOPPER VINTAGE RED PAISLEY,0.02653598822344464,0.4300062774639046,5.136595116359664
PACK OF 60 PINK PAISLEY CAKE CASES,PACK OF 72 RETRO SPOT CAKE CASES,0.02068644921360502,0.270516717325228,5.078631666206134
PACK OF 72 RETRO SPOT CAKE CASES,PACK OF 60 PINK PAISLEY CAKE CASES,0.02068644921360502,0.3883636363636364,5.078631666206134
"JUMBO SHOPPER VINTAGE RED PAISLEY, JUMBO STORAGE BAG SUKI",JUMBO BAG RED RETROSPOT,0.021228790578755714,0.6109253065774805,4.946808614802723
JUMBO BAG RED RETROSPOT,"JUMBO SHOPPER VINTAGE RED PAISLEY, JUMBO STORAGE BAG SUKI",0.021228790578755714,0.17189460476787954,4.946808614802722
JUMBO  BAG BAROQUE BLACK WHITE,JUMBO BAG STRAWBERRY,0.024870225459053225,0.35043668122270744,4.937867079193761
JUMBO BAG STRAWBERRY,JUMBO  BAG BAROQUE BLACK WHITE,0.024870225459053225,0.35043668122270744,4.937867079193761
LUNCH BAG CARS BLUE,LUNCH BAG SPACEBOY DESIGN ,0.03130084450298288,0.39491691104594334,4.870704797773523
LUNCH BAG SPACEBOY DESIGN ,LUNCH BAG CARS BLUE,0.03130084450298288,0.38604873387482086,4.870704797773522
LUNCH BAG  BLACK SKULL.,LUNCH BAG WOODLAND,0.031959401874951575,0.3557567917205692,4.813158187355751
LUNCH BAG WOODLAND,LUNCH BAG  BLACK SKULL.,0.031959401874951575,0.4323899371069182,4.813158187355751
LUNCH BAG  BLACK SKULL.,LUNCH BAG CARS BLUE,0.03424498334237236,0.3811987925830099,4.809513994006754
LUNCH BAG CARS BLUE,LUNCH BAG  BLACK SKULL.,0.03424498334237236,0.4320625610948192,4.809513994006754
JUMBO STORAGE BAG SUKI,JUMBO  BAG BAROQUE BLACK WHITE,0.03037111644843883,0.3393939393939394,4.782268095805215
JUMBO  BAG BAROQUE BLACK WHITE,JUMBO STORAGE BAG SUKI,0.03037111644843883,0.4279475982532751,4.782268095805214
PACK OF 72 SKULL CAKE CASES,PACK OF 60 PINK PAISLEY CAKE CASES,0.02053149453784768,0.36551724137931035,4.779869335848793
PACK OF 60 PINK PAISLEY CAKE CASES,PACK OF 72 SKULL CAKE CASES,0.02053149453784768,0.2684903748733536,4.779869335848793
LUNCH BAG SPACEBOY DESIGN ,LUNCH BAG  BLACK SKULL.,0.0343999380181297,0.42427138079311993,4.722786297453039
LUNCH BAG  BLACK SKULL.,LUNCH BAG SPACEBOY DESIGN ,0.0343999380181297,0.3829236739974127,4.722786297453039
JUMBO STORAGE BAG SUKI,JUMBO BAG PINK POLKADOT,0.02312698535678314,0.2584415584415584,4.668586696718257
JUMBO BAG PINK POLKADOT,JUMBO STORAGE BAG SUKI,0.02312698535678314,0.41777466759972004,4.668586696718257
JUMBO  BAG BAROQUE BLACK WHITE,JUMBO SHOPPER VINTAGE RED PAISLEY,0.0276981482916247,0.3902838427947598,4.662094918049019
JUMBO SHOPPER VINTAGE RED PAISLEY,JUMBO  BAG BAROQUE BLACK WHITE,0.0276981482916247,0.33086534012031465,4.662094918049019
JUMBO SHOPPER VINTAGE RED PAISLEY,JUMBO STORAGE BAG SUKI,0.03474858603858372,0.41508560851457665,4.63853675246549
JUMBO STORAGE BAG SUKI,JUMBO SHOPPER VINTAGE RED PAISLEY,0.03474858603858372,0.3883116883116884,4.63853675246549
JUMBO BAG STRAWBERRY,JUMBO STORAGE BAG SUKI,0.029208956380258774,0.4115720524017467,4.599273143159606
JUMBO STORAGE BAG SUKI,JUMBO BAG STRAWBERRY,0.029208956380258774,0.3264069264069264,4.599273143159606
LUNCH BAG WOODLAND,LUNCH BAG RED RETROSPOT,0.02401797474238785,0.32494758909853244,4.598792250542497
LUNCH BAG RED RETROSPOT,LUNCH BAG WOODLAND,0.02401797474238785,0.33991228070175433,4.598792250542497
LUNCH BAG  BLACK SKULL.,LUNCH BAG RED RETROSPOT,0.02917021771131944,0.32470892626131953,4.595414595674178
LUNCH BAG RED RETROSPOT,LUNCH BAG  BLACK SKULL.,0.02917021771131944,0.412828947368421,4.595414595674178
JUMBO BAG PINK VINTAGE PAISLEY,JUMBO STORAGE BAG SUKI,0.025373828155264583,0.41117388575015695,4.594823673919719
JUMBO STORAGE BAG SUKI,JUMBO BAG PINK VINTAGE PAISLEY,0.025373828155264583,0.28354978354978355,4.594823673919719
JUMBO SHOPPER VINTAGE RED PAISLEY,JUMBO BAG WOODLAND ANIMALS,0.020841403889362363,0.24895881536325778,4.593726132799954
JUMBO BAG WOODLAND ANIMALS,JUMBO SHOPPER VINTAGE RED PAISLEY,0.020841403889362363,0.38456040028591854,4.593726132799954
JUMBO BAG PINK VINTAGE PAISLEY,JUMBO  BAG BAROQUE BLACK WHITE,0.020066630510575657,0.325172630257376,4.581881155820909
JUMBO  BAG BAROQUE BLACK WHITE,JUMBO BAG PINK VINTAGE PAISLEY,0.020066630510575657,0.2827510917030568,4.581881155820909
JUMBO SHOPPER VINTAGE RED PAISLEY,JUMBO BAG PINK POLKADOT,0.020918881227241032,0.24988431281813978,4.514005354154976
JUMBO BAG PINK POLKADOT,JUMBO SHOPPER VINTAGE RED PAISLEY,0.020918881227241032,0.37788663400979705,4.514005354154976
PACK OF 72 RETROSPOT CAKE CASES,PACK OF 60 PINK PAISLEY CAKE CASES,0.022352211977996438,0.34202726733847066,4.4726909215173665
PACK OF 60 PINK PAISLEY CAKE CASES,PACK OF 72 RETROSPOT CAKE CASES,0.022352211977996438,0.2922998986828774,4.4726909215173665
LUNCH BAG RED RETROSPOT,LUNCH BAG CARS BLUE,0.024870225459053225,0.35197368421052627,4.440786258167412
LUNCH BAG CARS BLUE,LUNCH BAG RED RETROSPOT,0.024870225459053225,0.31378299120234604,4.440786258167412
LUNCH BAG RED RETROSPOT,LUNCH BAG SPACEBOY DESIGN ,0.024754009452235222,0.3503289473684211,4.320779477959112
LUNCH BAG SPACEBOY DESIGN ,LUNCH BAG RED RETROSPOT,0.024754009452235222,0.30530339225991404,4.320779477959112
60 TEATIME FAIRY CAKE CASES,PACK OF 72 RETROSPOT CAKE CASES,0.023010769349965134,0.28165007112375534,4.309730252512519
PACK OF 72 RETROSPOT CAKE CASES,60 TEATIME FAIRY CAKE CASES,0.023010769349965134,0.3521043272080616,4.309730252512519
JUMBO BAG WOODLAND ANIMALS,JUMBO BAG RED RETROSPOT,0.027504454946928023,0.507505360972123,4.109392530782428
JUMBO BAG RED RETROSPOT,JUMBO BAG WOODLAND ANIMALS,0.027504454946928023,0.22271016311166875,4.109392530782428
JUMBO BAG RED RETROSPOT,JUMBO BAG SPACEBOY DESIGN,0.024366622762841867,0.19730238393977415,4.1073901121139755
JUMBO BAG SPACEBOY DESIGN,JUMBO BAG RED RETROSPOT,0.024366622762841867,0.507258064516129,4.1073901121139755
JUMBO BAG RED RETROSPOT,JUMBO BAG STRAWBERRY,0.0358332687688851,0.2901505646173149,4.0883988400826246
JUMBO BAG STRAWBERRY,JUMBO BAG RED RETROSPOT,0.0358332687688851,0.5049126637554585,4.0883988400826246
JUMBO BAG RED RETROSPOT,JUMBO  BAG BAROQUE BLACK WHITE,0.03548462074843108,0.28732747804265996,4.04861982434128
JUMBO  BAG BAROQUE BLACK WHITE,JUMBO BAG RED RETROSPOT,0.03548462074843108,0.5,4.04861982434128
"GREEN REGENCY TEACUP AND SAUCER, ROSES REGENCY TEACUP AND SAUCER ",REGENCY CAKESTAND 3 TIER,0.02208104129542109,0.5571847507331379,3.9765460755944764
REGENCY CAKESTAND 3 TIER,"GREEN REGENCY TEACUP AND SAUCER, ROSES REGENCY TEACUP AND SAUCER ",0.02208104129542109,0.15758916228918993,3.976546075594476
JUMBO BAG PINK VINTAGE PAISLEY,JUMBO BAG RED RETROSPOT,0.02955760440071279,0.47897049591964846,3.8783388901097258
JUMBO BAG RED RETROSPOT,JUMBO BAG PINK VINTAGE PAISLEY,0.02955760440071279,0.23933500627352572,3.8783388901097258
JUMBO BAG RED RETROSPOT,JUMBO BAG OWLS,0.023863020066630512,0.19322459222082813,3.857617651653873
JUMBO BAG OWLS,JUMBO BAG RED RETROSPOT,0.023863020066630512,0.4764114462490333,3.8576176516538725
JUMBO STORAGE BAG SKULLS,JUMBO BAG RED RETROSPOT,0.02401797474238785,0.4754601226993865,3.849914556888947
JUMBO BAG RED RETROSPOT,JUMBO STORAGE BAG SKULLS,0.02401797474238785,0.19447929736511918,3.8499145568889466
JUMBO STORAGE BAG SUKI,JUMBO BAG RED RETROSPOT,0.04245758115751143,0.47445887445887447,3.8418072099376994
JUMBO BAG RED RETROSPOT,JUMBO STORAGE BAG SUKI,0.04245758115751143,0.3437892095357591,3.8418072099376994
GREEN REGENCY TEACUP AND SAUCER,REGENCY CAKESTAND 3 TIER,0.027581932284806696,0.5377643504531723,3.8379455191037293
REGENCY CAKESTAND 3 TIER,GREEN REGENCY TEACUP AND SAUCER,0.027581932284806696,0.1968482167542162,3.8379455191037293
ROSES REGENCY TEACUP AND SAUCER ,REGENCY CAKESTAND 3 TIER,0.02851166033935074,0.5310245310245311,3.7898444135657297
REGENCY CAKESTAND 3 TIER,ROSES REGENCY TEACUP AND SAUCER ,0.02851166033935074,0.20348354990323472,3.7898444135657297
JUMBO SHOPPER VINTAGE RED PAISLEY,JUMBO BAG RED RETROSPOT,0.03904857829084993,0.46645071726052756,3.776963241958362
JUMBO BAG RED RETROSPOT,JUMBO SHOPPER VINTAGE RED PAISLEY,0.03904857829084993,0.3161856963613551,3.776963241958362
JUMBO BAG STRAWBERRY,JUMBO SHOPPER VINTAGE RED PAISLEY,0.0223134733090571,0.314410480349345,3.7557575843303987
JUMBO SHOPPER VINTAGE RED PAISLEY,JUMBO BAG STRAWBERRY,0.0223134733090571,0.2665432670060157,3.7557575843303983
RED HANGING HEART T-LIGHT HOLDER,WHITE HANGING HEART T-LIGHT HOLDER,0.0480359494847757,0.722189866045428,3.6101102250380865
WHITE HANGING HEART T-LIGHT HOLDER,RED HANGING HEART T-LIGHT HOLDER,0.0480359494847757,0.24012393493415954,3.610110225038086
RECYCLING BAG RETROSPOT ,JUMBO BAG RED RETROSPOT,0.02421166808708453,0.4098360655737705,3.318540839624
JUMBO BAG RED RETROSPOT,RECYCLING BAG RETROSPOT ,0.02421166808708453,0.19604767879548307,3.3185408396239997
JUMBO BAG RED RETROSPOT,LUNCH BAG RED RETROSPOT,0.026884636243898658,0.2176913425345044,3.080857629487772
LUNCH BAG RED RETROSPOT,JUMBO BAG RED RETROSPOT,0.026884636243898658,0.3804824561403508,3.0808576294877716
LUNCH BAG  BLACK SKULL.,JUMBO STORAGE BAG SUKI,0.02053149453784768,0.22854678740836568,2.5539856147876847
JUMBO STORAGE BAG SUKI,LUNCH BAG  BLACK SKULL.,0.02053149453784768,0.22943722943722944,2.5539856147876847
WHITE HANGING HEART T-LIGHT HOLDER,LOVEBIRD HANGING DECORATION WHITE ,0.020144107848454326,0.10069713400464755,2.341798033509885
LOVEBIRD HANGING DECORATION WHITE ,WHITE HANGING HEART T-LIGHT HOLDER,0.020144107848454326,0.46846846846846846,2.3417980335098845
WHITE HANGING HEART T-LIGHT HOLDER,CREAM HEART CARD HOLDER,0.022507166653753775,0.1125096824167312,2.314203140960557
CREAM HEART CARD HOLDER,WHITE HANGING HEART T-LIGHT HOLDER,0.022507166653753775,0.4629482071713147,2.314203140960557
ZINC METAL HEART DECORATION,WHITE HANGING HEART T-LIGHT HOLDER,0.022855814674207796,0.43510324483775814,2.175010682076276
WHITE HANGING HEART T-LIGHT HOLDER,ZINC METAL HEART DECORATION,0.022855814674207796,0.11425251742835012,2.175010682076276
WHITE HANGING HEART T-LIGHT HOLDER,WOODEN PICTURE FRAME WHITE FINISH,0.03226931122646626,0.16130906274206042,2.11372190133175
WOODEN PICTURE FRAME WHITE FINISH,WHITE HANGING HEART T-LIGHT HOLDER,0.03226931122646626,0.4228426395939086,2.11372190133175
WOODEN FRAME ANTIQUE WHITE ,WHITE HANGING HEART T-LIGHT HOLDER,0.03250174324010227,0.41824526420737784,2.0907403660436197
WHITE HANGING HEART T-LIGHT HOLDER,WOODEN FRAME ANTIQUE WHITE ,0.03250174324010227,0.16247095274980636,2.0907403660436197
WHITE HANGING HEART T-LIGHT HOLDER,LOVE BUILDING BLOCK WORD,0.026032385527233283,0.13013168086754454,2.0224077121702555
LOVE BUILDING BLOCK WORD,WHITE HANGING HEART T-LIGHT HOLDER,0.026032385527233283,0.40457555689343766,2.0224077121702555
LUNCH BAG  BLACK SKULL.,JUMBO BAG RED RETROSPOT,0.0223134733090571,0.2483829236739974,2.011216057628786
JUMBO BAG RED RETROSPOT,LUNCH BAG  BLACK SKULL.,0.0223134733090571,0.18067754077791717,2.0112160576287854
WHITE HANGING HEART T-LIGHT HOLDER,HEART OF WICKER LARGE,0.02959634306965213,0.14794732765298219,2.0090017443630104
HEART OF WICKER LARGE,WHITE HANGING HEART T-LIGHT HOLDER,0.02959634306965213,0.40189374013677015,2.00900174436301
WHITE HANGING HEART T-LIGHT HOLDER,HANGING HEART ZINC T-LIGHT HOLDER,0.022817076005268458,0.11405886909372578,1.9894024640442145
HANGING HEART ZINC T-LIGHT HOLDER,WHITE HANGING HEART T-LIGHT HOLDER,0.022817076005268458,0.39797297297297296,1.9894024640442145
WHITE HANGING HEART T-LIGHT HOLDER,HEART OF WICKER SMALL,0.03021616177268149,0.15104570100697134,1.8611425898777845
HEART OF WICKER SMALL,WHITE HANGING HEART T-LIGHT HOLDER,0.03021616177268149,0.3723150357995227,1.8611425898777842
WHITE HANGING HEART T-LIGHT HOLDER,HOME BUILDING BLOCK WORD,0.028782831021926088,0.14388071262587143,1.8441592431600027
HOME BUILDING BLOCK WORD,WHITE HANGING HEART T-LIGHT HOLDER,0.028782831021926088,0.36891757696127114,1.8441592431600025
WHITE HANGING HEART T-LIGHT HOLDER,NATURAL SLATE HEART CHALKBOARD ,0.027310761602231347,0.13652207591014717,1.8156521728719932
NATURAL SLATE HEART CHALKBOARD ,WHITE HANGING HEART T-LIGHT HOLDER,0.027310761602231347,0.3632148377125193,1.8156521728719932
PARTY BUNTING,REGENCY CAKESTAND 3 TIER,0.02444410010072054,0.25099443118536197,1.791310546480214
REGENCY CAKESTAND 3 TIER,PARTY BUNTING,0.02444410010072054,0.1744539673762787,1.791310546480214
VICTORIAN GLASS HANGING T-LIGHT,WHITE HANGING HEART T-LIGHT HOLDER,0.022662121329511117,0.3455404607206143,1.7273008235944882
WHITE HANGING HEART T-LIGHT HOLDER,VICTORIAN GLASS HANGING T-LIGHT,0.022662121329511117,0.1132842757552285,1.7273008235944882
GIN + TONIC DIET METAL SIGN,WHITE HANGING HEART T-LIGHT HOLDER,0.02037653986209034,0.3312342569269522,1.6557864268614144
WHITE HANGING HEART T-LIGHT HOLDER,GIN + TONIC DIET METAL SIGN,0.02037653986209034,0.1018590240123935,1.6557864268614142
STRAWBERRY CERAMIC TRINKET BOX,WHITE HANGING HEART T-LIGHT HOLDER,0.028085534981018054,0.32864913871260204,1.6428638394126858
WHITE HANGING HEART T-LIGHT HOLDER,STRAWBERRY CERAMIC TRINKET BOX,0.028085534981018054,0.1403950426026336,1.6428638394126853
WHITE HANGING HEART T-LIGHT HOLDER,60 TEATIME FAIRY CAKE CASES,0.023475633377237157,0.11735089078233926,1.4363660003107188
60 TEATIME FAIRY CAKE CASES,WHITE HANGING HEART T-LIGHT HOLDER,0.023475633377237157,0.2873399715504979,1.4363660003107188
WHITE HANGING HEART T-LIGHT HOLDER,ASSORTED COLOUR BIRD ORNAMENT,0.02893778569768343,0.1446553059643687,1.419822079149891
ASSORTED COLOUR BIRD ORNAMENT,WHITE HANGING HEART T-LIGHT HOLDER,0.02893778569768343,0.28403041825095054,1.419822079149891
WHITE HANGING HEART T-LIGHT HOLDER,PARTY BUNTING,0.026497249554505307,0.1324554608830364,1.3600657387568422
PARTY BUNTING,WHITE HANGING HEART T-LIGHT HOLDER,0.026497249554505307,0.2720763723150358,1.3600657387568422
WHITE HANGING HEART T-LIGHT HOLDER,JUMBO STORAGE BAG SUKI,0.023514372046176492,0.11754453911696358,1.3135475033616009
JUMBO STORAGE BAG SUKI,WHITE HANGING HEART T-LIGHT HOLDER,0.023514372046176492,0.26277056277056277,1.3135475033616009
LUNCH BAG  BLACK SKULL.,WHITE HANGING HEART T-LIGHT HOLDER,0.022197257302239096,0.24708926261319536,1.235159222520725
WHITE HANGING HEART T-LIGHT HOLDER,LUNCH BAG  BLACK SKULL.,0.022197257302239096,0.11096049573973664,1.235159222520725
REGENCY CAKESTAND 3 TIER,JUMBO BAG RED RETROSPOT,0.020144107848454326,0.143765551562068,1.1641041242230938
JUMBO BAG RED RETROSPOT,REGENCY CAKESTAND 3 TIER,0.020144107848454326,0.1631116687578419,1.1641041242230938
JUMBO BAG RED RETROSPOT,WHITE HANGING HEART T-LIGHT HOLDER,0.02800805764313938,0.2267879548306148,1.1336762714944792
WHITE HANGING HEART T-LIGHT HOLDER,JUMBO BAG RED RETROSPOT,0.02800805764313938,0.14000774593338497,1.1336762714944792
REGENCY CAKESTAND 3 TIER,WHITE HANGING HEART T-LIGHT HOLDER,0.029635081738591463,0.21150124412496546,1.0572604794426526
WHITE HANGING HEART T-LIGHT HOLDER,REGENCY CAKESTAND 3 TIER,0.029635081738591463,0.1481409759876065,1.0572604794426526
